{
  "phoenix": "phoenix", "scottsdale": "phoenix", "tempe": "phoenix", "mesa": "phoenix",
  "chandler": "phoenix", "glendale": "phoenix", "peoria": "phoenix", "gilbert": "phoenix",
  "los angeles": "losangeles", "la": "losangeles", "long beach": "losangeles",
  "san diego": "sandiego", "san francisco": "sfbay", "san jose": "sfbay",
  "oakland": "sfbay", "berkeley": "sfbay", "sacramento": "sacramento",
  "las vegas": "lasvegas", "henderson": "lasvegas", "reno": "reno",
  "seattle": "seattle", "tacoma": "seattle", "bellevue": "seattle",
  "portland": "portland", "eugene": "eugene",
  "denver": "denver", "colorado springs": "cosprings", "boulder": "boulder",
  "dallas": "dallas", "fort worth": "dallas", "arlington": "dallas",
  "houston": "houston", "austin": "austin", "san antonio": "sanantonio",
  "chicago": "chicago", "naperville": "chicago", "evanston": "chicago",
  "new york": "newyork", "brooklyn": "newyork", "queens": "newyork",
  "nyc": "newyork", "manhattan": "newyork", "bronx": "newyork",
  "miami": "miami", "fort lauderdale": "miami", "boca raton": "miami",
  "orlando": "orlando", "tampa": "tampa", "jacksonville": "jacksonville",
  "atlanta": "atlanta", "savannah": "savannah", "augusta": "augusta",
  "charlotte": "charlotte", "raleigh": "raleigh", "durham": "raleigh",
  "nashville": "nashville", "memphis": "memphis", "knoxville": "knoxville",
  "minneapolis": "minneapolis", "st paul": "minneapolis",
  "detroit": "detroit", "ann arbor": "annarbor", "grand rapids": "grandrapids",
  "cleveland": "cleveland", "columbus": "columbus", "cincinnati": "cincinnati",
  "pittsburgh": "pittsburgh", "philadelphia": "philadelphia",
  "washington": "washingtondc", "dc": "washingtondc",
  "baltimore": "baltimore", "richmond": "richmond",
  "boston": "boston", "cambridge": "boston", "worcester": "boston",
  "new haven": "newhaven", "hartford": "hartford",
  "albany": "albany", "buffalo": "buffalo", "rochester": "rochester",
  "st louis": "stlouis", "kansas city": "kansascity",
  "salt lake city": "saltlakecity", "provo": "saltlakecity",
  "albuquerque": "albuquerque", "tucson": "tucson", "flagstaff": "flagstaff",
  "oklahoma city": "oklahomacity", "tulsa": "tulsa",
  "omaha": "omaha", "lincoln": "lincoln",
  "milwaukee": "milwaukee", "madison": "madison",
  "indianapolis": "indianapolis", "fort wayne": "fortwayne",
  "louisville": "louisville", "lexington": "lexington",
  "new orleans": "neworleans", "baton rouge": "batonrouge",
  "birmingham": "birmingham", "huntsville": "huntsville",
  "jackson": "jackson", "little rock": "littlerock",
  "anchorage": "anchorage", "honolulu": "honolulu"
}
